model,dataset,task,importances,num_features,selected_num,score,val_score,test_score,is_best,% Change from baseline,y_randomization
RandomForestClassifier,clf_cat/electricity.csv,binary_classification,built-in,8,2,f1_score,0.885562,0.894008,False,0.0,
RandomForestClassifier,clf_cat/electricity.csv,binary_classification,A-R,8,4,f1_score,0.900837,0.903448,True,1.055919,Shuffle Target
RandomForestClassifier,clf_cat/electricity.csv,binary_classification,A/(R+1),8,2,f1_score,0.885562,0.894008,False,0.0,Shuffle Target
RandomForestClassifier,clf_cat/electricity.csv,binary_classification,Wasserstein,8,8,f1_score,0.882202,0.886164,False,-0.877397,Shuffle Target
RandomForestClassifier,clf_cat/eye_movements.csv,binary_classification,built-in,23,22,f1_score,0.634085,0.616902,False,0.0,
RandomForestClassifier,clf_cat/eye_movements.csv,binary_classification,A-R,23,11,f1_score,0.675127,0.663573,True,7.565383,Shuffle Target
RandomForestClassifier,clf_cat/eye_movements.csv,binary_classification,A/(R+1),23,23,f1_score,0.638783,0.613378,False,-0.571241,Shuffle Target
RandomForestClassifier,clf_cat/eye_movements.csv,binary_classification,Wasserstein,23,22,f1_score,0.645649,0.616098,False,-0.130329,Shuffle Target
RandomForestClassifier,clf_cat/covertype.csv,binary_classification,built-in,54,26,f1_score,0.953603,0.955826,False,0.0,
RandomForestClassifier,clf_cat/covertype.csv,binary_classification,A-R,54,52,f1_score,0.957313,0.958779,True,0.308947,Shuffle Target
RandomForestClassifier,clf_cat/covertype.csv,binary_classification,A/(R+1),54,25,f1_score,0.954386,0.956147,False,0.033584,Shuffle Target
RandomForestClassifier,clf_cat/covertype.csv,binary_classification,Wasserstein,54,28,f1_score,0.952958,0.954931,False,-0.093636,Shuffle Target
RandomForestClassifier,clf_cat/albert.csv,binary_classification,built-in,31,22,f1_score,0.646978,0.65181,False,0.0,
RandomForestClassifier,clf_cat/albert.csv,binary_classification,A-R,31,22,f1_score,0.648787,0.651038,False,-0.118439,Shuffle Target
RandomForestClassifier,clf_cat/albert.csv,binary_classification,A/(R+1),31,28,f1_score,0.644288,0.656057,False,0.65157,Shuffle Target
RandomForestClassifier,clf_cat/albert.csv,binary_classification,Wasserstein,31,28,f1_score,0.643882,0.656968,True,0.791335,Shuffle Target
RandomForestClassifier,clf_cat/compas-two-years.csv,binary_classification,built-in,11,10,f1_score,0.638554,0.631631,False,0.0,
RandomForestClassifier,clf_cat/compas-two-years.csv,binary_classification,A-R,11,2,f1_score,0.641509,0.658924,True,4.321036,Shuffle Target
RandomForestClassifier,clf_cat/compas-two-years.csv,binary_classification,A/(R+1),11,8,f1_score,0.638723,0.63761,False,0.946597,Shuffle Target
RandomForestClassifier,clf_cat/compas-two-years.csv,binary_classification,Wasserstein,11,8,f1_score,0.64,0.630445,False,-0.187768,Shuffle Target
RandomForestClassifier,clf_cat/default-of-credit-card-clients.csv,binary_classification,built-in,21,18,f1_score,0.717674,0.670973,False,0.0,
RandomForestClassifier,clf_cat/default-of-credit-card-clients.csv,binary_classification,A-R,21,17,f1_score,0.715822,0.682581,True,1.730025,Shuffle Target
RandomForestClassifier,clf_cat/default-of-credit-card-clients.csv,binary_classification,A/(R+1),21,21,f1_score,0.715918,0.676039,False,0.755023,Shuffle Target
RandomForestClassifier,clf_cat/default-of-credit-card-clients.csv,binary_classification,Wasserstein,21,21,f1_score,0.72278,0.676729,False,0.857859,Shuffle Target
RandomForestClassifier,clf_cat/road-safety.csv,binary_classification,built-in,32,31,f1_score,0.798248,0.789492,False,0.0,
RandomForestClassifier,clf_cat/road-safety.csv,binary_classification,A-R,32,30,f1_score,0.799335,0.788183,False,-0.165803,Shuffle Target
RandomForestClassifier,clf_cat/road-safety.csv,binary_classification,A/(R+1),32,32,f1_score,0.801297,0.790758,False,0.160356,Shuffle Target
RandomForestClassifier,clf_cat/road-safety.csv,binary_classification,Wasserstein,32,32,f1_score,0.798807,0.790862,True,0.173529,Shuffle Target
RandomForestClassifier,clf_num/Bioresponse.csv,binary_classification,built-in,419,295,f1_score,0.809384,0.768577,False,0.0,
RandomForestClassifier,clf_num/Bioresponse.csv,binary_classification,A-R,419,80,f1_score,0.817391,0.764124,False,-0.579382,Shuffle Target
RandomForestClassifier,clf_num/Bioresponse.csv,binary_classification,A/(R+1),419,300,f1_score,0.815029,0.767705,False,-0.113456,Shuffle Target
RandomForestClassifier,clf_num/Bioresponse.csv,binary_classification,Wasserstein,419,60,f1_score,0.825581,0.769556,True,0.127378,Shuffle Target
RandomForestClassifier,clf_num/jannis.csv,binary_classification,built-in,54,22,f1_score,0.798847,0.795777,False,0.0,
RandomForestClassifier,clf_num/jannis.csv,binary_classification,A-R,54,28,f1_score,0.796742,0.798353,True,0.323709,Shuffle Target
RandomForestClassifier,clf_num/jannis.csv,binary_classification,A/(R+1),54,27,f1_score,0.79932,0.797567,False,0.224937,Shuffle Target
RandomForestClassifier,clf_num/jannis.csv,binary_classification,Wasserstein,54,51,f1_score,0.782933,0.78659,False,-1.154469,Shuffle Target
RandomForestClassifier,clf_num/MiniBooNE.csv,binary_classification,built-in,50,33,f1_score,0.937769,0.930573,False,0.0,
RandomForestClassifier,clf_num/MiniBooNE.csv,binary_classification,A-R,50,42,f1_score,0.938275,0.930107,False,-0.050077,Shuffle Target
RandomForestClassifier,clf_num/MiniBooNE.csv,binary_classification,A/(R+1),50,45,f1_score,0.938468,0.930059,False,-0.055235,Shuffle Target
RandomForestClassifier,clf_num/MiniBooNE.csv,binary_classification,Wasserstein,50,50,f1_score,0.936675,0.931065,True,0.052871,Shuffle Target
XGBClassifier,clf_cat/electricity.csv,binary_classification,built-in,8,4,f1_score,0.90475,0.910815,True,0.0,
XGBClassifier,clf_cat/electricity.csv,binary_classification,A-R,8,4,f1_score,0.90475,0.910815,True,0.0,Shuffle Target
XGBClassifier,clf_cat/electricity.csv,binary_classification,A/(R+1),8,4,f1_score,0.90475,0.910815,True,0.0,Shuffle Target
XGBClassifier,clf_cat/electricity.csv,binary_classification,Wasserstein,8,8,f1_score,0.897501,0.901493,False,-1.023479,Shuffle Target
XGBClassifier,clf_cat/eye_movements.csv,binary_classification,built-in,23,2,f1_score,0.6795,0.647699,False,0.0,
XGBClassifier,clf_cat/eye_movements.csv,binary_classification,A-R,23,1,f1_score,0.6795,0.647699,False,0.0,Shuffle Target
XGBClassifier,clf_cat/eye_movements.csv,binary_classification,A/(R+1),23,10,f1_score,0.685644,0.685209,True,5.79127,Shuffle Target
XGBClassifier,clf_cat/eye_movements.csv,binary_classification,Wasserstein,23,1,f1_score,0.6795,0.647699,False,0.0,Shuffle Target
XGBClassifier,clf_cat/covertype.csv,binary_classification,built-in,54,40,f1_score,0.890147,0.891799,True,0.0,
XGBClassifier,clf_cat/covertype.csv,binary_classification,A-R,54,53,f1_score,0.889487,0.890788,False,-0.113366,Shuffle Target
XGBClassifier,clf_cat/covertype.csv,binary_classification,A/(R+1),54,40,f1_score,0.890147,0.891799,True,0.0,Shuffle Target
XGBClassifier,clf_cat/covertype.csv,binary_classification,Wasserstein,54,54,f1_score,0.885785,0.887196,False,-0.516148,Shuffle Target
XGBClassifier,clf_cat/albert.csv,binary_classification,built-in,31,11,f1_score,0.646604,0.651735,False,0.0,
XGBClassifier,clf_cat/albert.csv,binary_classification,A-R,31,20,f1_score,0.649514,0.653106,True,0.210362,Shuffle Target
XGBClassifier,clf_cat/albert.csv,binary_classification,A/(R+1),31,11,f1_score,0.646604,0.651735,False,0.0,Shuffle Target
XGBClassifier,clf_cat/albert.csv,binary_classification,Wasserstein,31,25,f1_score,0.647099,0.643385,False,-1.281196,Shuffle Target
XGBClassifier,clf_cat/compas-two-years.csv,binary_classification,built-in,11,4,f1_score,0.657315,0.66599,False,0.0,
XGBClassifier,clf_cat/compas-two-years.csv,binary_classification,A-R,11,2,f1_score,0.649541,0.690587,True,3.693299,Shuffle Target
XGBClassifier,clf_cat/compas-two-years.csv,binary_classification,A/(R+1),11,5,f1_score,0.657315,0.66599,False,0.0,Shuffle Target
XGBClassifier,clf_cat/compas-two-years.csv,binary_classification,Wasserstein,11,6,f1_score,0.657315,0.66599,False,0.0,Shuffle Target
XGBClassifier,clf_cat/default-of-credit-card-clients.csv,binary_classification,built-in,21,17,f1_score,0.720119,0.677356,False,0.0,
XGBClassifier,clf_cat/default-of-credit-card-clients.csv,binary_classification,A-R,21,15,f1_score,0.715026,0.676268,False,-0.160625,Shuffle Target
XGBClassifier,clf_cat/default-of-credit-card-clients.csv,binary_classification,A/(R+1),21,16,f1_score,0.713109,0.680071,False,0.400823,Shuffle Target
XGBClassifier,clf_cat/default-of-credit-card-clients.csv,binary_classification,Wasserstein,21,19,f1_score,0.72047,0.685076,True,1.139726,Shuffle Target
XGBClassifier,clf_cat/road-safety.csv,binary_classification,built-in,32,20,f1_score,0.798014,0.792338,True,0.0,
XGBClassifier,clf_cat/road-safety.csv,binary_classification,A-R,32,30,f1_score,0.79738,0.789321,False,-0.380772,Shuffle Target
XGBClassifier,clf_cat/road-safety.csv,binary_classification,A/(R+1),32,27,f1_score,0.796618,0.790174,False,-0.273116,Shuffle Target
XGBClassifier,clf_cat/road-safety.csv,binary_classification,Wasserstein,32,31,f1_score,0.792734,0.78271,False,-1.215138,Shuffle Target
XGBClassifier,clf_num/Bioresponse.csv,binary_classification,built-in,419,82,f1_score,0.810496,0.740794,False,0.0,
XGBClassifier,clf_num/Bioresponse.csv,binary_classification,A-R,419,67,f1_score,0.815029,0.763121,True,3.013928,Shuffle Target
XGBClassifier,clf_num/Bioresponse.csv,binary_classification,A/(R+1),419,68,f1_score,0.804878,0.745468,False,0.630945,Shuffle Target
XGBClassifier,clf_num/Bioresponse.csv,binary_classification,Wasserstein,419,130,f1_score,0.816092,0.754958,False,1.912003,Shuffle Target
XGBClassifier,clf_num/jannis.csv,binary_classification,built-in,54,17,f1_score,0.79271,0.793181,False,0.0,
XGBClassifier,clf_num/jannis.csv,binary_classification,A-R,54,26,f1_score,0.797059,0.796462,True,0.413651,Shuffle Target
XGBClassifier,clf_num/jannis.csv,binary_classification,A/(R+1),54,26,f1_score,0.797059,0.796462,True,0.413651,Shuffle Target
XGBClassifier,clf_num/jannis.csv,binary_classification,Wasserstein,54,52,f1_score,0.78295,0.784297,False,-1.120047,Shuffle Target
XGBClassifier,clf_num/MiniBooNE.csv,binary_classification,built-in,50,45,f1_score,0.942004,0.937386,False,0.0,
XGBClassifier,clf_num/MiniBooNE.csv,binary_classification,A-R,50,38,f1_score,0.941988,0.937817,False,0.045979,Shuffle Target
XGBClassifier,clf_num/MiniBooNE.csv,binary_classification,A/(R+1),50,47,f1_score,0.942575,0.93797,True,0.062301,Shuffle Target
XGBClassifier,clf_num/MiniBooNE.csv,binary_classification,Wasserstein,50,48,f1_score,0.94062,0.936908,False,-0.050993,Shuffle Target
LGBMClassifier,clf_cat/electricity.csv,binary_classification,built-in,8,5,f1_score,0.876171,0.877175,True,0.0,
LGBMClassifier,clf_cat/electricity.csv,binary_classification,A-R,8,5,f1_score,0.876171,0.877175,True,0.0,Shuffle Target
LGBMClassifier,clf_cat/electricity.csv,binary_classification,A/(R+1),8,5,f1_score,0.876171,0.877175,True,0.0,Shuffle Target
LGBMClassifier,clf_cat/electricity.csv,binary_classification,Wasserstein,8,5,f1_score,0.876171,0.877175,True,0.0,Shuffle Target
LGBMClassifier,clf_cat/eye_movements.csv,binary_classification,built-in,23,23,f1_score,0.633416,0.632579,False,0.0,
LGBMClassifier,clf_cat/eye_movements.csv,binary_classification,A-R,23,12,f1_score,0.687422,0.668197,False,5.630601,Shuffle Target
LGBMClassifier,clf_cat/eye_movements.csv,binary_classification,A/(R+1),23,13,f1_score,0.679901,0.666667,False,5.388734,Shuffle Target
LGBMClassifier,clf_cat/eye_movements.csv,binary_classification,Wasserstein,23,6,f1_score,0.668311,0.668401,True,5.66285,Shuffle Target
LGBMClassifier,clf_cat/covertype.csv,binary_classification,built-in,54,19,f1_score,0.852634,0.851571,True,0.0,
LGBMClassifier,clf_cat/covertype.csv,binary_classification,A-R,54,25,f1_score,0.851024,0.85109,False,-0.056484,Shuffle Target
LGBMClassifier,clf_cat/covertype.csv,binary_classification,A/(R+1),54,43,f1_score,0.849657,0.847426,False,-0.486747,Shuffle Target
LGBMClassifier,clf_cat/covertype.csv,binary_classification,Wasserstein,54,25,f1_score,0.851024,0.85109,False,-0.056484,Shuffle Target
LGBMClassifier,clf_cat/albert.csv,binary_classification,built-in,31,14,f1_score,0.658603,0.665288,False,0.0,
LGBMClassifier,clf_cat/albert.csv,binary_classification,A-R,31,19,f1_score,0.662608,0.666948,False,0.249516,Shuffle Target
LGBMClassifier,clf_cat/albert.csv,binary_classification,A/(R+1),31,17,f1_score,0.665656,0.667958,True,0.40133,Shuffle Target
LGBMClassifier,clf_cat/albert.csv,binary_classification,Wasserstein,31,22,f1_score,0.658069,0.663828,False,-0.219454,Shuffle Target
LGBMClassifier,clf_cat/compas-two-years.csv,binary_classification,built-in,11,3,f1_score,0.650307,0.655332,False,0.0,
LGBMClassifier,clf_cat/compas-two-years.csv,binary_classification,A-R,11,4,f1_score,0.654545,0.66972,True,2.195528,Shuffle Target
LGBMClassifier,clf_cat/compas-two-years.csv,binary_classification,A/(R+1),11,4,f1_score,0.654545,0.66972,True,2.195528,Shuffle Target
LGBMClassifier,clf_cat/compas-two-years.csv,binary_classification,Wasserstein,11,4,f1_score,0.654545,0.66972,True,2.195528,Shuffle Target
LGBMClassifier,clf_cat/default-of-credit-card-clients.csv,binary_classification,built-in,21,20,f1_score,0.727136,0.689504,False,0.0,
LGBMClassifier,clf_cat/default-of-credit-card-clients.csv,binary_classification,A-R,21,14,f1_score,0.728647,0.689751,True,0.035823,Shuffle Target
LGBMClassifier,clf_cat/default-of-credit-card-clients.csv,binary_classification,A/(R+1),21,14,f1_score,0.728647,0.689751,True,0.035823,Shuffle Target
LGBMClassifier,clf_cat/default-of-credit-card-clients.csv,binary_classification,Wasserstein,21,21,f1_score,0.723753,0.684882,False,-0.670337,Shuffle Target
LGBMClassifier,clf_cat/road-safety.csv,binary_classification,built-in,32,23,f1_score,0.798187,0.792133,False,0.0,
LGBMClassifier,clf_cat/road-safety.csv,binary_classification,A-R,32,21,f1_score,0.798975,0.791898,False,-0.029667,Shuffle Target
LGBMClassifier,clf_cat/road-safety.csv,binary_classification,A/(R+1),32,27,f1_score,0.798496,0.792048,False,-0.010731,Shuffle Target
LGBMClassifier,clf_cat/road-safety.csv,binary_classification,Wasserstein,32,19,f1_score,0.799247,0.792245,True,0.014139,Shuffle Target
LGBMClassifier,clf_num/Bioresponse.csv,binary_classification,built-in,419,22,f1_score,0.812865,0.752857,False,0.0,
LGBMClassifier,clf_num/Bioresponse.csv,binary_classification,A-R,419,416,f1_score,0.812865,0.762108,True,1.228786,Shuffle Target
LGBMClassifier,clf_num/Bioresponse.csv,binary_classification,A/(R+1),419,260,f1_score,0.804665,0.757295,False,0.589488,Shuffle Target
LGBMClassifier,clf_num/Bioresponse.csv,binary_classification,Wasserstein,419,60,f1_score,0.810811,0.753395,False,0.071461,Shuffle Target
LGBMClassifier,clf_num/jannis.csv,binary_classification,built-in,54,24,f1_score,0.798516,0.797305,False,0.0,
LGBMClassifier,clf_num/jannis.csv,binary_classification,A-R,54,25,f1_score,0.797286,0.798759,False,0.182364,Shuffle Target
LGBMClassifier,clf_num/jannis.csv,binary_classification,A/(R+1),54,24,f1_score,0.797698,0.800101,True,0.350681,Shuffle Target
LGBMClassifier,clf_num/jannis.csv,binary_classification,Wasserstein,54,32,f1_score,0.795516,0.797517,False,0.02659,Shuffle Target
LGBMClassifier,clf_num/MiniBooNE.csv,binary_classification,built-in,50,40,f1_score,0.941606,0.936987,False,0.0,
LGBMClassifier,clf_num/MiniBooNE.csv,binary_classification,A-R,50,37,f1_score,0.941415,0.937139,False,0.016222,Shuffle Target
LGBMClassifier,clf_num/MiniBooNE.csv,binary_classification,A/(R+1),50,37,f1_score,0.941415,0.937139,False,0.016222,Shuffle Target
LGBMClassifier,clf_num/MiniBooNE.csv,binary_classification,Wasserstein,50,45,f1_score,0.941319,0.93793,True,0.100642,Shuffle Target
CatBoostClassifier,clf_cat/electricity.csv,binary_classification,built-in,8,3,f1_score,0.882338,0.883178,True,0.0,
CatBoostClassifier,clf_cat/electricity.csv,binary_classification,A-R,8,3,f1_score,0.882338,0.883178,True,0.0,Shuffle Target
CatBoostClassifier,clf_cat/electricity.csv,binary_classification,A/(R+1),8,3,f1_score,0.882338,0.883178,True,0.0,Shuffle Target
CatBoostClassifier,clf_cat/electricity.csv,binary_classification,Wasserstein,8,8,f1_score,0.881902,0.883155,False,-0.002604,Shuffle Target
CatBoostClassifier,clf_cat/eye_movements.csv,binary_classification,built-in,23,23,f1_score,0.634207,0.628159,False,0.0,
CatBoostClassifier,clf_cat/eye_movements.csv,binary_classification,A-R,23,14,f1_score,0.669988,0.64964,False,3.419676,Shuffle Target
CatBoostClassifier,clf_cat/eye_movements.csv,binary_classification,A/(R+1),23,5,f1_score,0.66823,0.656049,True,4.439959,Shuffle Target
CatBoostClassifier,clf_cat/eye_movements.csv,binary_classification,Wasserstein,23,22,f1_score,0.639303,0.625205,False,-0.470263,Shuffle Target
CatBoostClassifier,clf_cat/covertype.csv,binary_classification,built-in,54,24,f1_score,0.91313,0.913111,True,0.0,
CatBoostClassifier,clf_cat/covertype.csv,binary_classification,A-R,54,54,f1_score,0.910414,0.910959,False,-0.235678,Shuffle Target
CatBoostClassifier,clf_cat/covertype.csv,binary_classification,A/(R+1),54,35,f1_score,0.912073,0.912809,False,-0.033074,Shuffle Target
CatBoostClassifier,clf_cat/covertype.csv,binary_classification,Wasserstein,54,30,f1_score,0.913693,0.913034,False,-0.008433,Shuffle Target
CatBoostClassifier,clf_cat/albert.csv,binary_classification,built-in,31,15,f1_score,0.656271,0.665236,False,0.0,
CatBoostClassifier,clf_cat/albert.csv,binary_classification,A-R,31,24,f1_score,0.659847,0.66661,False,0.206543,Shuffle Target
CatBoostClassifier,clf_cat/albert.csv,binary_classification,A/(R+1),31,18,f1_score,0.662483,0.6679,True,0.400459,Shuffle Target
CatBoostClassifier,clf_cat/albert.csv,binary_classification,Wasserstein,31,31,f1_score,0.655943,0.666891,False,0.248784,Shuffle Target
CatBoostClassifier,clf_cat/compas-two-years.csv,binary_classification,built-in,11,7,f1_score,0.663934,0.675926,True,0.0,
CatBoostClassifier,clf_cat/compas-two-years.csv,binary_classification,A-R,11,10,f1_score,0.650307,0.674274,False,-0.244405,Shuffle Target
CatBoostClassifier,clf_cat/compas-two-years.csv,binary_classification,A/(R+1),11,9,f1_score,0.65587,0.675244,False,-0.100899,Shuffle Target
CatBoostClassifier,clf_cat/compas-two-years.csv,binary_classification,Wasserstein,11,7,f1_score,0.662526,0.674286,False,-0.24263,Shuffle Target
CatBoostClassifier,clf_cat/default-of-credit-card-clients.csv,binary_classification,built-in,21,21,f1_score,0.734255,0.690341,False,0.0,
CatBoostClassifier,clf_cat/default-of-credit-card-clients.csv,binary_classification,A-R,21,21,f1_score,0.735226,0.689137,False,-0.174407,Shuffle Target
CatBoostClassifier,clf_cat/default-of-credit-card-clients.csv,binary_classification,A/(R+1),21,21,f1_score,0.740741,0.689978,False,-0.052583,Shuffle Target
CatBoostClassifier,clf_cat/default-of-credit-card-clients.csv,binary_classification,Wasserstein,21,20,f1_score,0.737165,0.69052,True,0.025929,Shuffle Target
CatBoostClassifier,clf_cat/road-safety.csv,binary_classification,built-in,32,27,f1_score,0.799826,0.794,True,0.0,
CatBoostClassifier,clf_cat/road-safety.csv,binary_classification,A-R,32,28,f1_score,0.801975,0.793317,False,-0.08602,Shuffle Target
CatBoostClassifier,clf_cat/road-safety.csv,binary_classification,A/(R+1),32,22,f1_score,0.801391,0.791271,False,-0.343703,Shuffle Target
CatBoostClassifier,clf_cat/road-safety.csv,binary_classification,Wasserstein,32,30,f1_score,0.800626,0.79264,False,-0.171285,Shuffle Target
CatBoostClassifier,clf_num/Bioresponse.csv,binary_classification,built-in,419,290,f1_score,0.79646,0.781006,False,0.0,
CatBoostClassifier,clf_num/Bioresponse.csv,binary_classification,A-R,419,419,f1_score,0.791667,0.786373,False,0.687191,Shuffle Target
CatBoostClassifier,clf_num/Bioresponse.csv,binary_classification,A/(R+1),419,206,f1_score,0.801187,0.784507,False,0.448268,Shuffle Target
CatBoostClassifier,clf_num/Bioresponse.csv,binary_classification,Wasserstein,419,386,f1_score,0.795252,0.787368,True,0.81459,Shuffle Target
CatBoostClassifier,clf_num/jannis.csv,binary_classification,built-in,54,18,f1_score,0.802984,0.806811,False,0.0,
CatBoostClassifier,clf_num/jannis.csv,binary_classification,A-R,54,26,f1_score,0.80217,0.80771,False,0.111426,Shuffle Target
CatBoostClassifier,clf_num/jannis.csv,binary_classification,A/(R+1),54,22,f1_score,0.802036,0.810063,True,0.403068,Shuffle Target
CatBoostClassifier,clf_num/jannis.csv,binary_classification,Wasserstein,54,49,f1_score,0.795124,0.801057,False,-0.713178,Shuffle Target
CatBoostClassifier,clf_num/MiniBooNE.csv,binary_classification,built-in,50,48,f1_score,0.9468,0.942751,False,0.0,
CatBoostClassifier,clf_num/MiniBooNE.csv,binary_classification,A-R,50,46,f1_score,0.947354,0.943224,True,0.050172,Shuffle Target
CatBoostClassifier,clf_num/MiniBooNE.csv,binary_classification,A/(R+1),50,45,f1_score,0.947582,0.942883,False,0.014002,Shuffle Target
CatBoostClassifier,clf_num/MiniBooNE.csv,binary_classification,Wasserstein,50,50,f1_score,0.946631,0.943038,False,0.030443,Shuffle Target
RandomForestRegressor,reg_num/cpu_act.csv,regression,built-in,21,20,mean_squared_error,5.993286,6.005464,False,0.0,
RandomForestRegressor,reg_num/cpu_act.csv,regression,A-R,21,21,mean_squared_error,6.074281,6.009632,False,0.069403,
RandomForestRegressor,reg_num/cpu_act.csv,regression,A/(R+1),21,19,mean_squared_error,5.977049,5.976787,True,-0.477515,
RandomForestRegressor,reg_num/cpu_act.csv,regression,Wasserstein,21,18,mean_squared_error,6.03123,6.034979,False,0.491469,
RandomForestRegressor,reg_num/pol.csv,regression,built-in,26,16,mean_squared_error,0.248389,0.273401,False,0.0,
RandomForestRegressor,reg_num/pol.csv,regression,A-R,26,26,mean_squared_error,0.261604,0.278879,False,2.00365,
RandomForestRegressor,reg_num/pol.csv,regression,A/(R+1),26,12,mean_squared_error,0.24896,0.278584,False,1.89575,
RandomForestRegressor,reg_num/pol.csv,regression,Wasserstein,26,14,mean_squared_error,0.248268,0.271883,True,-0.555228,
RandomForestRegressor,reg_num/elevators.csv,regression,built-in,16,7,mean_squared_error,7.215366,8.044735,False,0.0,
RandomForestRegressor,reg_num/elevators.csv,regression,A-R,16,15,mean_squared_error,7.412631,8.34646,False,3.75059,
RandomForestRegressor,reg_num/elevators.csv,regression,A/(R+1),16,6,mean_squared_error,7.137361,7.884783,True,-1.988282,
RandomForestRegressor,reg_num/elevators.csv,regression,Wasserstein,16,15,mean_squared_error,7.464966,8.322826,False,3.456807,
RandomForestRegressor,reg_num/wine_quality.csv,regression,built-in,11,11,mean_squared_error,0.410937,0.410926,True,0.0,
RandomForestRegressor,reg_num/wine_quality.csv,regression,A-R,11,11,mean_squared_error,0.412851,0.413144,False,0.539757,
RandomForestRegressor,reg_num/wine_quality.csv,regression,A/(R+1),11,11,mean_squared_error,0.410734,0.411228,False,0.073493,
RandomForestRegressor,reg_num/wine_quality.csv,regression,Wasserstein,11,11,mean_squared_error,0.414927,0.411098,False,0.041857,
RandomForestRegressor,reg_num/Ailerons.csv,regression,built-in,33,12,mean_squared_error,2.545249,2.827377,False,0.0,
RandomForestRegressor,reg_num/Ailerons.csv,regression,A-R,33,29,mean_squared_error,2.541186,2.803328,True,-0.850576,
RandomForestRegressor,reg_num/Ailerons.csv,regression,A/(R+1),33,12,mean_squared_error,2.524034,2.821326,False,-0.214015,
RandomForestRegressor,reg_num/Ailerons.csv,regression,Wasserstein,33,20,mean_squared_error,2.592352,2.84336,False,0.565294,
RandomForestRegressor,reg_num/yprop_4_1.csv,regression,built-in,42,26,mean_squared_error,67443.762392,75403.649647,False,0.0,
RandomForestRegressor,reg_num/yprop_4_1.csv,regression,A-R,42,21,mean_squared_error,67877.66608,76225.888529,False,1.09045,
RandomForestRegressor,reg_num/yprop_4_1.csv,regression,A/(R+1),42,30,mean_squared_error,67349.68344,75175.03063,True,-0.303194,
RandomForestRegressor,reg_num/yprop_4_1.csv,regression,Wasserstein,42,33,mean_squared_error,67465.203643,75385.541646,False,-0.024015,
RandomForestRegressor,reg_num/superconduct.csv,regression,built-in,79,53,mean_squared_error,48849.168321,54470.492359,False,0.0,
RandomForestRegressor,reg_num/superconduct.csv,regression,A-R,79,60,mean_squared_error,48581.496465,53569.972243,True,-1.653226,
RandomForestRegressor,reg_num/superconduct.csv,regression,A/(R+1),79,56,mean_squared_error,48937.515702,54584.570517,False,0.209431,
RandomForestRegressor,reg_num/superconduct.csv,regression,Wasserstein,79,74,mean_squared_error,49221.322632,54319.932078,False,-0.276407,
RandomForestRegressor,reg_cat/topo_2_1.csv,regression,built-in,255,217,mean_squared_error,67021.36571,76175.864005,False,0.0,
RandomForestRegressor,reg_cat/topo_2_1.csv,regression,A-R,255,252,mean_squared_error,67180.335838,76210.254078,False,0.045146,
RandomForestRegressor,reg_cat/topo_2_1.csv,regression,A/(R+1),255,79,mean_squared_error,66789.243956,76059.172223,False,-0.153187,
RandomForestRegressor,reg_cat/topo_2_1.csv,regression,Wasserstein,255,193,mean_squared_error,66838.619837,75917.419195,True,-0.339274,
RandomForestRegressor,reg_cat/Mercedes_Benz_Greener_Manufacturing.csv,regression,built-in,359,6,mean_squared_error,155528.314878,177937.918395,True,0.0,
RandomForestRegressor,reg_cat/Mercedes_Benz_Greener_Manufacturing.csv,regression,A-R,359,191,mean_squared_error,142147.318992,183297.895028,False,3.012273,
RandomForestRegressor,reg_cat/Mercedes_Benz_Greener_Manufacturing.csv,regression,A/(R+1),359,6,mean_squared_error,155528.314878,177937.918395,True,0.0,
RandomForestRegressor,reg_cat/Mercedes_Benz_Greener_Manufacturing.csv,regression,Wasserstein,359,117,mean_squared_error,159134.921114,197245.147325,False,10.850542,
RandomForestRegressor,reg_cat/house_sales.csv,regression,built-in,17,16,mean_squared_error,113706.177265,110072.875485,True,0.0,
RandomForestRegressor,reg_cat/house_sales.csv,regression,A-R,17,17,mean_squared_error,114548.232063,110141.291334,False,0.062155,
RandomForestRegressor,reg_cat/house_sales.csv,regression,A/(R+1),17,17,mean_squared_error,114111.979196,110404.08618,False,0.300901,
RandomForestRegressor,reg_cat/house_sales.csv,regression,Wasserstein,17,17,mean_squared_error,114114.987379,110078.623402,False,0.005222,
RandomForestRegressor,reg_cat/nyc-taxi-green-dec-2016.csv,regression,built-in,16,15,mean_squared_error,9975.916119,10585.637729,True,0.0,
RandomForestRegressor,reg_cat/nyc-taxi-green-dec-2016.csv,regression,A-R,16,4,mean_squared_error,9810.945688,10758.481089,False,1.63281,
RandomForestRegressor,reg_cat/nyc-taxi-green-dec-2016.csv,regression,A/(R+1),16,15,mean_squared_error,9969.054137,10589.505354,False,0.036537,
RandomForestRegressor,reg_cat/nyc-taxi-green-dec-2016.csv,regression,Wasserstein,16,16,mean_squared_error,9974.108873,10600.876808,False,0.14396,
RandomForestRegressor,reg_cat/Allstate_Claims_Severity.csv,regression,built-in,124,113,mean_squared_error,993847762.706974,1002055785.041467,True,0.0,
RandomForestRegressor,reg_cat/Allstate_Claims_Severity.csv,regression,A-R,124,124,mean_squared_error,994275535.900648,1002897597.215592,False,0.084009,
RandomForestRegressor,reg_cat/Allstate_Claims_Severity.csv,regression,A/(R+1),124,93,mean_squared_error,993851535.34726,1003238483.814182,False,0.118027,
RandomForestRegressor,reg_cat/Allstate_Claims_Severity.csv,regression,Wasserstein,124,116,mean_squared_error,993656366.563116,1003216228.290411,False,0.115806,
XGBRegressor,reg_num/cpu_act.csv,regression,built-in,21,17,mean_squared_error,5.136127,5.946372,False,0.0,
XGBRegressor,reg_num/cpu_act.csv,regression,A-R,21,20,mean_squared_error,5.304804,5.653553,True,-4.92433,
XGBRegressor,reg_num/cpu_act.csv,regression,A/(R+1),21,18,mean_squared_error,5.248437,5.679894,False,-4.481354,
XGBRegressor,reg_num/cpu_act.csv,regression,Wasserstein,21,21,mean_squared_error,5.491039,5.747989,False,-3.336202,
XGBRegressor,reg_num/pol.csv,regression,built-in,26,15,mean_squared_error,0.259323,0.305836,False,0.0,
XGBRegressor,reg_num/pol.csv,regression,A-R,26,25,mean_squared_error,0.267649,0.300101,False,-1.875188,
XGBRegressor,reg_num/pol.csv,regression,A/(R+1),26,15,mean_squared_error,0.257968,0.305665,False,-0.055912,
XGBRegressor,reg_num/pol.csv,regression,Wasserstein,26,26,mean_squared_error,0.272635,0.296121,True,-3.176539,
XGBRegressor,reg_num/elevators.csv,regression,built-in,16,15,mean_squared_error,5.711931,5.715875,False,0.0,
XGBRegressor,reg_num/elevators.csv,regression,A-R,16,16,mean_squared_error,5.748806,5.799774,False,1.467824,
XGBRegressor,reg_num/elevators.csv,regression,A/(R+1),16,13,mean_squared_error,5.637296,5.598146,True,-2.059685,
XGBRegressor,reg_num/elevators.csv,regression,Wasserstein,16,16,mean_squared_error,5.714046,5.76182,False,0.803814,
XGBRegressor,reg_num/wine_quality.csv,regression,built-in,11,10,mean_squared_error,0.422769,0.463778,False,0.0,
XGBRegressor,reg_num/wine_quality.csv,regression,A-R,11,11,mean_squared_error,0.439437,0.453328,False,-2.253233,
XGBRegressor,reg_num/wine_quality.csv,regression,A/(R+1),11,11,mean_squared_error,0.437729,0.453376,False,-2.242883,
XGBRegressor,reg_num/wine_quality.csv,regression,Wasserstein,11,11,mean_squared_error,0.439385,0.449538,True,-3.070435,
XGBRegressor,reg_num/Ailerons.csv,regression,built-in,33,21,mean_squared_error,2.490969,2.771169,True,0.0,
XGBRegressor,reg_num/Ailerons.csv,regression,A-R,33,24,mean_squared_error,2.484149,2.787427,False,0.586684,
XGBRegressor,reg_num/Ailerons.csv,regression,A/(R+1),33,22,mean_squared_error,2.490402,2.807877,False,1.32464,
XGBRegressor,reg_num/Ailerons.csv,regression,Wasserstein,33,29,mean_squared_error,2.63799,2.813008,False,1.509796,
XGBRegressor,reg_num/yprop_4_1.csv,regression,built-in,42,2,mean_squared_error,72015.048182,78997.96633,True,0.0,
XGBRegressor,reg_num/yprop_4_1.csv,regression,A-R,42,2,mean_squared_error,72015.048182,78997.96633,True,0.0,
XGBRegressor,reg_num/yprop_4_1.csv,regression,A/(R+1),42,2,mean_squared_error,72015.048182,78997.96633,True,0.0,
XGBRegressor,reg_num/yprop_4_1.csv,regression,Wasserstein,42,3,mean_squared_error,72002.000886,79887.582977,False,1.126126,
XGBRegressor,reg_num/superconduct.csv,regression,built-in,79,40,mean_squared_error,52686.911631,58619.061023,False,0.0,
XGBRegressor,reg_num/superconduct.csv,regression,A-R,79,50,mean_squared_error,52957.38916,59031.257092,False,0.703178,
XGBRegressor,reg_num/superconduct.csv,regression,A/(R+1),79,39,mean_squared_error,52355.390166,58312.179595,True,-0.523518,
XGBRegressor,reg_num/superconduct.csv,regression,Wasserstein,79,66,mean_squared_error,52111.986499,59143.455666,False,0.89458,
XGBRegressor,reg_cat/topo_2_1.csv,regression,built-in,255,169,mean_squared_error,74744.865746,85043.995838,False,0.0,
XGBRegressor,reg_cat/topo_2_1.csv,regression,A-R,255,159,mean_squared_error,76298.540391,84256.27262,True,-0.926254,
XGBRegressor,reg_cat/topo_2_1.csv,regression,A/(R+1),255,180,mean_squared_error,75251.098832,85421.986381,False,0.444465,
XGBRegressor,reg_cat/topo_2_1.csv,regression,Wasserstein,255,210,mean_squared_error,74979.360051,87450.379344,False,2.829575,
XGBRegressor,reg_cat/Mercedes_Benz_Greener_Manufacturing.csv,regression,built-in,359,7,mean_squared_error,147203.539657,175536.434647,True,0.0,
XGBRegressor,reg_cat/Mercedes_Benz_Greener_Manufacturing.csv,regression,A-R,359,81,mean_squared_error,145145.264806,179891.06501,False,2.480756,
XGBRegressor,reg_cat/Mercedes_Benz_Greener_Manufacturing.csv,regression,A/(R+1),359,13,mean_squared_error,147203.539657,175536.434647,True,0.0,
XGBRegressor,reg_cat/Mercedes_Benz_Greener_Manufacturing.csv,regression,Wasserstein,359,15,mean_squared_error,145003.825547,175627.065354,False,0.051631,
XGBRegressor,reg_cat/house_sales.csv,regression,built-in,17,17,mean_squared_error,108787.606108,105445.807214,True,0.0,
XGBRegressor,reg_cat/house_sales.csv,regression,A-R,17,16,mean_squared_error,108293.248703,107324.222454,False,1.781403,
XGBRegressor,reg_cat/house_sales.csv,regression,A/(R+1),17,17,mean_squared_error,108778.32879,105474.801274,False,0.027497,
XGBRegressor,reg_cat/house_sales.csv,regression,Wasserstein,17,17,mean_squared_error,109002.239886,105657.134054,False,0.200413,
XGBRegressor,reg_cat/nyc-taxi-green-dec-2016.csv,regression,built-in,16,7,mean_squared_error,10684.2758,11361.646796,False,0.0,
XGBRegressor,reg_cat/nyc-taxi-green-dec-2016.csv,regression,A-R,16,7,mean_squared_error,10679.502747,11361.5967,True,-0.000441,
XGBRegressor,reg_cat/nyc-taxi-green-dec-2016.csv,regression,A/(R+1),16,7,mean_squared_error,10681.205302,11361.944294,False,0.002618,
XGBRegressor,reg_cat/nyc-taxi-green-dec-2016.csv,regression,Wasserstein,16,14,mean_squared_error,10847.171301,11530.829565,False,1.489069,
XGBRegressor,reg_cat/Allstate_Claims_Severity.csv,regression,built-in,124,69,mean_squared_error,923264174.517638,928207411.901454,False,0.0,
XGBRegressor,reg_cat/Allstate_Claims_Severity.csv,regression,A-R,124,91,mean_squared_error,920004107.016318,926635722.597127,True,-0.169325,
XGBRegressor,reg_cat/Allstate_Claims_Severity.csv,regression,A/(R+1),124,73,mean_squared_error,923062768.017228,930825046.195666,False,0.28201,
XGBRegressor,reg_cat/Allstate_Claims_Severity.csv,regression,Wasserstein,124,124,mean_squared_error,926397124.111222,929847772.721189,False,0.176724,
LGBMRegressor,reg_num/cpu_act.csv,regression,built-in,21,15,mean_squared_error,4.928715,5.125908,True,0.0,
LGBMRegressor,reg_num/cpu_act.csv,regression,A-R,21,21,mean_squared_error,5.055207,5.188476,False,1.220623,
LGBMRegressor,reg_num/cpu_act.csv,regression,A/(R+1),21,21,mean_squared_error,5.055207,5.188049,False,1.212293,
LGBMRegressor,reg_num/cpu_act.csv,regression,Wasserstein,21,21,mean_squared_error,5.055207,5.187972,False,1.21079,
LGBMRegressor,reg_num/pol.csv,regression,built-in,26,13,mean_squared_error,0.27553,0.274706,False,0.0,
LGBMRegressor,reg_num/pol.csv,regression,A-R,26,25,mean_squared_error,0.284475,0.26279,True,-4.337728,
LGBMRegressor,reg_num/pol.csv,regression,A/(R+1),26,14,mean_squared_error,0.274334,0.278948,False,1.544196,
LGBMRegressor,reg_num/pol.csv,regression,Wasserstein,26,15,mean_squared_error,0.271505,0.263175,False,-4.197579,
LGBMRegressor,reg_num/elevators.csv,regression,built-in,16,16,mean_squared_error,5.375183,5.510428,False,0.0,
LGBMRegressor,reg_num/elevators.csv,regression,A-R,16,16,mean_squared_error,5.375183,5.510406,True,-0.000399,
LGBMRegressor,reg_num/elevators.csv,regression,A/(R+1),16,16,mean_squared_error,5.375183,5.510406,True,-0.000399,
LGBMRegressor,reg_num/elevators.csv,regression,Wasserstein,16,16,mean_squared_error,5.375183,5.510406,True,-0.000399,
LGBMRegressor,reg_num/wine_quality.csv,regression,built-in,11,11,mean_squared_error,0.416694,0.437608,True,0.0,
LGBMRegressor,reg_num/wine_quality.csv,regression,A-R,11,11,mean_squared_error,0.416694,0.437608,True,0.0,
LGBMRegressor,reg_num/wine_quality.csv,regression,A/(R+1),11,11,mean_squared_error,0.416694,0.437608,True,0.0,
LGBMRegressor,reg_num/wine_quality.csv,regression,Wasserstein,11,11,mean_squared_error,0.416694,0.437608,True,0.0,
LGBMRegressor,reg_num/Ailerons.csv,regression,built-in,33,22,mean_squared_error,2.447081,2.600292,False,0.0,
LGBMRegressor,reg_num/Ailerons.csv,regression,A-R,33,28,mean_squared_error,2.415067,2.599003,False,-0.049571,
LGBMRegressor,reg_num/Ailerons.csv,regression,A/(R+1),33,27,mean_squared_error,2.387693,2.561348,True,-1.497678,
LGBMRegressor,reg_num/Ailerons.csv,regression,Wasserstein,33,20,mean_squared_error,2.463331,2.625958,False,0.987043,
LGBMRegressor,reg_num/yprop_4_1.csv,regression,built-in,42,29,mean_squared_error,67427.932239,75930.237995,True,0.0,
LGBMRegressor,reg_num/yprop_4_1.csv,regression,A-R,42,32,mean_squared_error,67586.50819,76087.407541,False,0.206992,
LGBMRegressor,reg_num/yprop_4_1.csv,regression,A/(R+1),42,32,mean_squared_error,67802.299555,76190.18922,False,0.342355,
LGBMRegressor,reg_num/yprop_4_1.csv,regression,Wasserstein,42,18,mean_squared_error,66557.110219,77191.985301,False,1.661719,
LGBMRegressor,reg_num/superconduct.csv,regression,built-in,79,55,mean_squared_error,58875.380721,63228.223091,False,0.0,
LGBMRegressor,reg_num/superconduct.csv,regression,A-R,79,76,mean_squared_error,58745.320416,62645.201606,True,-0.922091,
LGBMRegressor,reg_num/superconduct.csv,regression,A/(R+1),79,70,mean_squared_error,58387.594283,62800.519262,False,-0.676444,
LGBMRegressor,reg_num/superconduct.csv,regression,Wasserstein,79,75,mean_squared_error,58699.551508,63343.01717,False,0.181555,
LGBMRegressor,reg_cat/topo_2_1.csv,regression,built-in,255,84,mean_squared_error,67413.247398,77167.225165,False,0.0,
LGBMRegressor,reg_cat/topo_2_1.csv,regression,A-R,255,145,mean_squared_error,67440.363675,78146.498254,False,1.269027,
LGBMRegressor,reg_cat/topo_2_1.csv,regression,A/(R+1),255,103,mean_squared_error,67995.727393,77308.493297,False,0.183068,
LGBMRegressor,reg_cat/topo_2_1.csv,regression,Wasserstein,255,49,mean_squared_error,66911.139372,77073.16911,True,-0.121886,
LGBMRegressor,reg_cat/Mercedes_Benz_Greener_Manufacturing.csv,regression,built-in,359,87,mean_squared_error,147035.287933,189609.18945,False,0.0,
LGBMRegressor,reg_cat/Mercedes_Benz_Greener_Manufacturing.csv,regression,A-R,359,166,mean_squared_error,146137.329595,175642.053665,True,-7.366276,
LGBMRegressor,reg_cat/Mercedes_Benz_Greener_Manufacturing.csv,regression,A/(R+1),359,71,mean_squared_error,145537.374814,191924.29249,False,1.220987,
LGBMRegressor,reg_cat/Mercedes_Benz_Greener_Manufacturing.csv,regression,Wasserstein,359,131,mean_squared_error,147551.162438,190371.535277,False,0.402062,
LGBMRegressor,reg_cat/house_sales.csv,regression,built-in,17,14,mean_squared_error,103361.155208,97213.085621,False,0.0,
LGBMRegressor,reg_cat/house_sales.csv,regression,A-R,17,14,mean_squared_error,101843.911322,96600.951963,True,-0.629682,
LGBMRegressor,reg_cat/house_sales.csv,regression,A/(R+1),17,11,mean_squared_error,102588.904288,96625.662916,False,-0.604263,
LGBMRegressor,reg_cat/house_sales.csv,regression,Wasserstein,17,12,mean_squared_error,103589.139097,100009.945837,False,2.877041,
LGBMRegressor,reg_cat/nyc-taxi-green-dec-2016.csv,regression,built-in,16,5,mean_squared_error,13117.528732,13655.984718,False,0.0,
LGBMRegressor,reg_cat/nyc-taxi-green-dec-2016.csv,regression,A-R,16,7,mean_squared_error,13049.270986,13577.731345,True,-0.573034,
LGBMRegressor,reg_cat/nyc-taxi-green-dec-2016.csv,regression,A/(R+1),16,8,mean_squared_error,13099.944256,13623.652139,False,-0.236765,
LGBMRegressor,reg_cat/nyc-taxi-green-dec-2016.csv,regression,Wasserstein,16,10,mean_squared_error,13142.788799,13714.712667,False,0.430053,
LGBMRegressor,reg_cat/Allstate_Claims_Severity.csv,regression,built-in,124,82,mean_squared_error,914469511.241378,918539118.574563,True,0.0,
LGBMRegressor,reg_cat/Allstate_Claims_Severity.csv,regression,A-R,124,120,mean_squared_error,915050553.513216,919200582.995442,False,0.072013,
LGBMRegressor,reg_cat/Allstate_Claims_Severity.csv,regression,A/(R+1),124,102,mean_squared_error,915088764.284585,919303774.163119,False,0.083247,
LGBMRegressor,reg_cat/Allstate_Claims_Severity.csv,regression,Wasserstein,124,84,mean_squared_error,915102539.821742,919267927.831765,False,0.079344,
CatBoostRegressor,reg_num/cpu_act.csv,regression,built-in,21,16,mean_squared_error,4.578297,5.104869,True,0.0,
CatBoostRegressor,reg_num/cpu_act.csv,regression,A-R,21,21,mean_squared_error,4.514056,5.108274,False,0.066701,
CatBoostRegressor,reg_num/cpu_act.csv,regression,A/(R+1),21,20,mean_squared_error,4.583793,5.1915,False,1.697027,
CatBoostRegressor,reg_num/cpu_act.csv,regression,Wasserstein,21,21,mean_squared_error,4.616704,5.238385,False,2.615464,
CatBoostRegressor,reg_num/pol.csv,regression,built-in,26,15,mean_squared_error,0.230654,0.271039,False,0.0,
CatBoostRegressor,reg_num/pol.csv,regression,A-R,26,26,mean_squared_error,0.257272,0.272401,False,0.502511,
CatBoostRegressor,reg_num/pol.csv,regression,A/(R+1),26,20,mean_squared_error,0.230099,0.26218,False,-3.268533,
CatBoostRegressor,reg_num/pol.csv,regression,Wasserstein,26,20,mean_squared_error,0.22055,0.260988,True,-3.708322,
CatBoostRegressor,reg_num/elevators.csv,regression,built-in,16,15,mean_squared_error,4.214763,4.324409,False,0.0,
CatBoostRegressor,reg_num/elevators.csv,regression,A-R,16,15,mean_squared_error,4.244928,4.323353,False,-0.02442,
CatBoostRegressor,reg_num/elevators.csv,regression,A/(R+1),16,16,mean_squared_error,4.182894,4.249417,True,-1.734156,
CatBoostRegressor,reg_num/elevators.csv,regression,Wasserstein,16,16,mean_squared_error,4.210849,4.365807,False,0.95731,
CatBoostRegressor,reg_num/wine_quality.csv,regression,built-in,11,11,mean_squared_error,0.4011,0.433982,False,0.0,
CatBoostRegressor,reg_num/wine_quality.csv,regression,A-R,11,9,mean_squared_error,0.401088,0.43689,False,0.670074,
CatBoostRegressor,reg_num/wine_quality.csv,regression,A/(R+1),11,10,mean_squared_error,0.408531,0.433384,False,-0.137794,
CatBoostRegressor,reg_num/wine_quality.csv,regression,Wasserstein,11,11,mean_squared_error,0.406771,0.429386,True,-1.05903,
CatBoostRegressor,reg_num/Ailerons.csv,regression,built-in,33,28,mean_squared_error,2.374598,2.42977,True,0.0,
CatBoostRegressor,reg_num/Ailerons.csv,regression,A-R,33,29,mean_squared_error,2.347056,2.459209,False,1.211596,
CatBoostRegressor,reg_num/Ailerons.csv,regression,A/(R+1),33,24,mean_squared_error,2.308275,2.438508,False,0.359623,
CatBoostRegressor,reg_num/Ailerons.csv,regression,Wasserstein,33,17,mean_squared_error,2.363474,2.455555,False,1.061212,
CatBoostRegressor,reg_num/yprop_4_1.csv,regression,built-in,42,29,mean_squared_error,66974.953051,75892.248828,False,0.0,
CatBoostRegressor,reg_num/yprop_4_1.csv,regression,A-R,42,32,mean_squared_error,67777.63332,75844.351539,False,-0.063112,
CatBoostRegressor,reg_num/yprop_4_1.csv,regression,A/(R+1),42,22,mean_squared_error,66631.91078,76234.546767,False,0.451031,
CatBoostRegressor,reg_num/yprop_4_1.csv,regression,Wasserstein,42,35,mean_squared_error,67469.5772,74959.451261,True,-1.229108,
CatBoostRegressor,reg_num/superconduct.csv,regression,built-in,79,67,mean_squared_error,53373.017688,57399.093773,True,0.0,
CatBoostRegressor,reg_num/superconduct.csv,regression,A-R,79,78,mean_squared_error,53682.458186,57583.044843,False,0.320477,
CatBoostRegressor,reg_num/superconduct.csv,regression,A/(R+1),79,74,mean_squared_error,53420.244764,57818.429922,False,0.730562,
CatBoostRegressor,reg_num/superconduct.csv,regression,Wasserstein,79,72,mean_squared_error,53264.363971,58027.776776,False,1.095284,
CatBoostRegressor,reg_cat/topo_2_1.csv,regression,built-in,255,176,mean_squared_error,67923.665547,75530.315952,False,0.0,
CatBoostRegressor,reg_cat/topo_2_1.csv,regression,A-R,255,248,mean_squared_error,67496.38581,75883.791061,False,0.467991,
CatBoostRegressor,reg_cat/topo_2_1.csv,regression,A/(R+1),255,219,mean_squared_error,67536.40618,75493.391813,True,-0.048887,
CatBoostRegressor,reg_cat/topo_2_1.csv,regression,Wasserstein,255,136,mean_squared_error,67580.943676,75835.018203,False,0.403417,
CatBoostRegressor,reg_cat/Mercedes_Benz_Greener_Manufacturing.csv,regression,built-in,359,338,mean_squared_error,146432.984266,189052.696626,False,0.0,
CatBoostRegressor,reg_cat/Mercedes_Benz_Greener_Manufacturing.csv,regression,A-R,359,20,mean_squared_error,144812.857924,174542.659546,True,-7.675128,
CatBoostRegressor,reg_cat/Mercedes_Benz_Greener_Manufacturing.csv,regression,A/(R+1),359,9,mean_squared_error,144867.923245,174844.279358,False,-7.515586,
CatBoostRegressor,reg_cat/Mercedes_Benz_Greener_Manufacturing.csv,regression,Wasserstein,359,285,mean_squared_error,147027.024831,189475.888114,False,0.223848,
CatBoostRegressor,reg_cat/house_sales.csv,regression,built-in,17,16,mean_squared_error,96121.694397,91482.325955,False,0.0,
CatBoostRegressor,reg_cat/house_sales.csv,regression,A-R,17,16,mean_squared_error,96331.646701,91216.508823,False,-0.290567,
CatBoostRegressor,reg_cat/house_sales.csv,regression,A/(R+1),17,16,mean_squared_error,95875.175752,91173.085911,True,-0.338033,
CatBoostRegressor,reg_cat/house_sales.csv,regression,Wasserstein,17,17,mean_squared_error,97163.056901,91305.279688,False,-0.193531,
CatBoostRegressor,reg_cat/nyc-taxi-green-dec-2016.csv,regression,built-in,16,12,mean_squared_error,12116.804859,12548.48941,True,0.0,
CatBoostRegressor,reg_cat/nyc-taxi-green-dec-2016.csv,regression,A-R,16,16,mean_squared_error,12186.760172,12623.932054,False,0.601209,
CatBoostRegressor,reg_cat/nyc-taxi-green-dec-2016.csv,regression,A/(R+1),16,16,mean_squared_error,12120.332563,12577.487796,False,0.231091,
CatBoostRegressor,reg_cat/nyc-taxi-green-dec-2016.csv,regression,Wasserstein,16,14,mean_squared_error,12157.607458,12613.003082,False,0.514115,
CatBoostRegressor,reg_cat/Allstate_Claims_Severity.csv,regression,built-in,124,106,mean_squared_error,901845602.639616,905710139.82245,False,0.0,
CatBoostRegressor,reg_cat/Allstate_Claims_Severity.csv,regression,A-R,124,124,mean_squared_error,904337812.01272,905436059.017466,True,-0.030261,
CatBoostRegressor,reg_cat/Allstate_Claims_Severity.csv,regression,A/(R+1),124,87,mean_squared_error,902569604.593569,905688590.855635,False,-0.002379,
CatBoostRegressor,reg_cat/Allstate_Claims_Severity.csv,regression,Wasserstein,124,124,mean_squared_error,902520832.191006,905642371.432341,False,-0.007482,
